#대상	JP	KO
# 대상: BIN = 실행 파일(/0_OP.BIN·/1_SRPG.BIN·/2_SRPGED.BIN)에서 «그 문자열 통째» 가 나오는 모든 자리 · /파일@오프셋 = 그 자리 하나 · SKILL = 기술표(22바이트 필드)
# 예산 = 원문 바이트 수(한글 2 · ASCII 1 · 전각 부호 2). 문장부호 뒤 공백은 빌더가 지운다.
BIN	攻撃力	공격력
BIN	防御力	방어력
BIN	行動力	행동력
BIN	速さ	속도
BIN	運のよさ	행운
BIN	登坂レベル	등반 레벨
BIN	必殺率	필살률
BIN	命中率	명중률
BIN	賢さ	지혜
BIN	抗魔力	항마력
BIN	装備	장비
BIN	装備を変更すると行動終了します。よろしいですか？	장비를 바꾸면 행동이 끝납니다.괜찮습니까?
BIN	アイテムがいっぱいです。捨てますか？	아이템이 가득 찼습니다.버릴까요?
BIN	:攻撃力+   %	:공격력+   %
BIN	回復力	회복력
BIN	:賢さ+	:지혜+
BIN	必要行動力:	필요행동력:
BIN	必要MP:	필요MP:
BIN	射程(　):	사정(　):
BIN	術	술
BIN	単	단
BIN	全	전
BIN	円	원
BIN	直	직
BIN	自	자
BIN	扇	선
BIN	弧	호
BIN	技選択	기술
BIN	キャラクターのレベルが低いため装備できません	캐릭터 레벨이 낮아 장비할 수 없습니다
BIN	剣の技	검술
BIN	忍道	인도
BIN	体術	체술
BIN	槍の技	창술
BIN	槌の技	망치술
BIN	弓の技	궁술
BIN	竜の技	용술
BIN	防御の技	방어술
BIN	盗みの技	도둑술
BIN	攻撃魔法	공격마법
BIN	神聖魔法	신성마법
BIN	ステータス	스테이터스
BIN	特殊魔法	특수마법
BIN	特殊技	특수기
BIN	魔法剣技	마법검술
BIN	ステータス<＞>	스테이터스<＞>
BIN	 スキル	 스킬
BIN	<＜>スキル	<＜>스킬
BIN	スキル	스킬
BIN	弱点:	약점:
BIN	飛	비
BIN	透	투
BIN	眠	면
BIN	恐	공
BIN	凍	동
BIN	痺	마
BIN	乱	란
BIN	操	조
BIN	大	대
BIN	小	소
BIN	昇	승
BIN	低	저
BIN	幸運	행운
BIN	登坂	등반
BIN	水上	수상
BIN	回避率　     ％	회피율　     ％
BIN	必殺率　     ％	필살률　     ％
BIN	技Lv   技Exp     /	기Lv   기Exp     /
BIN	精神魔法に弱い	정신마법 약함
BIN	少し、魔法に弱い	마법에 조금 약함
BIN	ダーク系の魔法に弱い	암흑 마법에 약함
BIN	なし	없음
BIN	槍に弱い	창 약함
BIN	魔法全般に弱い	마법 전반 약함
BIN	弓に弱い	활 약함
BIN	弓、槍に弱い	활,창 약함
BIN	打撃系の攻撃に弱い	타격 공격에 약함
BIN	水の魔法に弱い	물 마법에 약함
BIN	 ステータス説明<＞>	 스테이터스설명<＞>
BIN	<＜>　スキル説明	<＜>　스킬 설명
BIN	初期状態にもどす	초기 설정으로
BIN	操作説明	조작설명
BIN	バトルアニメ	전투 애니메
BIN	メッセージ速度	메시지 속도
BIN	オーディオ設定	오디오 설정
BIN	ＢＧＭテスト	ＢＧＭ테스트
BIN	ＳＥ設定	ＳＥ설정
BIN	ＳＥテスト	ＳＥ테스트
BIN	グリッド表示	그리드 표시
BIN	コントロール設定	컨트롤 설정
BIN	ウインドウカラー	창 색상
BIN	セーブ	세이브
BIN	オプション	옵션
BIN	－－無効－－	－－무효－－
BIN	　　決定　　	　　결정
BIN	 キャンセル 	    취소
BIN	 順送り選択 	 다음 선택
BIN	 逆送り選択 	 이전 선택
BIN	 上視点切替 	 위시점전환
BIN	 横視点切替 	 옆시점전환
BIN	水平視点切替	수평시점전환
BIN	　特殊機能　	　특수기능
BIN	遅い	느림
BIN	普通	보통
BIN	速い	빠름
BIN	最速	최속
BIN	モノラル	모노
BIN	ステレオ	스테레오
BIN	<＜>操作説明（バトル中）<＞>	<＜>조작설명（전투 중）<＞>
BIN	名前変更	이름변경
BIN	アイテム	아이템
BIN	個人情報	개인정보
BIN	キャラ一覧	캐릭터목록
BIN	人物紹介	인물소개
BIN	相談	상담
BIN	ロード	로드
BIN	所持金	소지금
BIN	全体マップ	전체 지도
BIN	敵があらわれた！	적이 나타났다!
BIN	技をひらめいた！	기술을 깨달았다!
BIN	行動終了？	행동종료?
BIN	行動終了	행동종료
BIN	岩　	바위
BIN	敵　	적
BIN	味方	아군
BIN	決定ボタンで詳細情報	결정 버튼:상세정보
BIN	　技名　　射程	　기술명　사정
BIN	高さ	높이
BIN	歩けない	못 걸음
BIN	歩ける	걸음
BIN	退却しますか？　	퇴각할까요?
BIN	退却　　　	퇴각
BIN	ロード　　	로드
BIN	行動力が足りない！　	행동력이 부족하다!
BIN	天井が邪魔で使えない！　	천장이 막혀 못 쓴다!
BIN	ＭＰが足りない！	ＭＰ가 부족하다!
BIN	休息するまで使えない！　	휴식 전엔 못 쓴다!
BIN	２つ同時には使えない！　	2개 동시에 못 쓴다!
BIN	ここでは戦えない！　	여기선 못 싸운다!
BIN	ＨＰが少なすぎる！　	ＨＰ가 너무 적다!
BIN	敵数	적군
BIN	ＰＬＡＹＥＲ　　ターン	ＰＬＡＹＥＲ　　턴
BIN	ＮＯＮ－ＰＬＡＹＥＲ　　ターン	ＮＯＮ－ＰＬＡＹＥＲ　　턴
BIN	ＥＮＥＭＹ　　ターン	ＥＮＥＭＹ　　턴
BIN	ターン終了	턴 종료
BIN	相談　　　	상담
BIN	ターン終了？	턴 종료?
BIN	確認－調べる	확인－조사
BIN	確認－話す	확인－대화
BIN	アーサー	아서
BIN	ムサシ	무사시
BIN	エリーゼ	엘리제
BIN	ヘクター卿	헥터 경
BIN	マートフ	마토프
BIN	シシマル	시시마루
BIN	アケビ	아케비
BIN	クロヤシャ	쿠로야샤
BIN	ウィスコ	위스코
BIN	エヴァン	에반
BIN	シャール	샤르
BIN	アッシュ	애쉬
BIN	ディアナ	디아나
BIN	ダイガン	다이간
BIN	データなし	기록 없음
BIN	［本体ＲＡＭ］	［본체ＲＡＭ］
BIN	［カートリッジＲＡＭ］	［카트리지ＲＡＭ］
BIN	古戦場跡	옛 전장
BIN	　 カタカナ   　もどる   終了	　 한글2      　뒤로     끝
BIN	　 ひらがな   　もどる   終了	　 한글1      　뒤로     끝
BIN	クィーンズランド女王国の王子です。\n男子であったことから宮廷では不遇を受けたようですが、いまでは立派な救国の戦士として成長しました。\n決断力の弱さが気になります。	퀸즈랜드 여왕국의 왕자입니다.\n남자라서 궁정에서 푸대접을 받았다고 하지만,지금은 훌륭한 구국의 전사로 자랐습니다.\n결단력이 약한 점이 걱정입니다.
SKILL	ｽﾄﾗｲｸ	스트라이크
SKILL	ﾌｧｲｱﾎﾞｰﾙ	파이어볼
SKILL	防御	방어
/QW00.MAP@136487	%H%m1%V100［%m0ゲンユウサイ%m1］%V0%m0\n	%H%m1%V100［%m0겐유사이%m1］%V0%m0\n
/QW00.MAP@136527	キサマらか。\nこのわしにたてつくやからは！？%b	네놈들이냐.\n감히 이 몸에게 대드는 놈들이!?%b
/QW00.ADV@44	あなた方がさがしもとめてきた敵が、いま目の前にいます。\nおそれずに立ち向かいましょう。	여러분이 찾아 헤매던 적이\n지금 눈앞에 있습니다.\n두려워 말고 맞서 싸웁시다.
/WAZAHELP.MSG@852	敵１体に対して剣で斬りかかる技です。	적 하나를 검으로 베는 기술입니다.
BIN	ﾊﾟﾜｰ	파워
