#번호	종류	자리수	예산	예시위치	JP	KO
0	msg	1	76	/AWRD.ADV@44	宿敵ゲンユウサイはもう目の前です。準備をととのえて城の攻略にのぞみましょう。	
1	msg	3	73	/BT00.ADV@44	勝負は２０ターン以内につけなければなりません。\n気をぬかずに戦いましょう。	
2	msg	1	97	/DB00.ADV@44	この町には、ウデにおぼえのある冒険者が集まる試練の迷宮があります。\nあなた方もいどんでみませんか？	
3	msg	9	87	/DB10.ADV@44	これは、本来のあなた方の冒険の目的とは関わりのないものです。\n私もあえて助言はしません。	
4	msg	1	65	/DC00.ADV@44	敵の大物は、城の上階にいるようです。\nまずは２階をめざしましょう。	
5	msg	3	85	/DC0B.ADV@52	つらいでしょうが、いまは耐えるのです。\nそれから、城の兵士には、くれぐれも気をつけて。	
6	msg	3	85	/DC0B.ADV@140	看守のすきをついて仲間を助け出せませんか？\n辺りの様子をよく調べてみるといいでしょう。	
7	msg	3	59	/DC0B.ADV@228	もう迷う必要はないでしょう。\n後は牢のカギを開けるだけです。	
8	msg	1	72	/DC10.ADV@44	敵の大物は、城の上階にいるようです。北東の階段から２階に向かいましょう。	
9	msg	1	68	/DC2C.ADV@44	敵のボスを倒せば、このドラグーン城を取りもどすことができるでしょう。	
10	msg	4	127	/DRGN.ADV@60	ナイトバードと連絡がとれないようですね。\nしばらく各地を回ってから、またクィーンズランド西部にある町を訪ねてはいかがでしょうか？	
11	msg	4	99	/DRGN.ADV@188	あなた方の力になってくれる仲間が、まだどこかにいるはずです。\n世界各地を旅してみてはいかがでしょう？	
12	msg	4	96	/DRGN.ADV@288	クィーンズランド国の湖にうかぶ島に、城へもぐりこめるどうくつがあると教わったのではないのですか？	
13	msg	1	106	/DRGN.ADV@388	ゲンユウサイを追って、ミディ国東部にある幽玄の森へ向かうのでしょう？上空から森に降りる方法を考えましょう。	
14	msg	4	94	/DRGN.ADV@496	討つべき敵は、カカルクランにいます。用件がすみしだい、水晶を使ってもどられた方がよいでしょう。	
15	msg	2	95	/DW00.ADV@44	たしかにあやしげな森です。\n冒険に関わらずとも、１度くらい様子を見ておくのもいいかも知れません。	
16	msg	2	85	/DW0B.ADV@44	この森から、邪悪な気の流出を感じます。\nどうやら、カカルクランとの接点があるようです。	
17	msg	6	88	/DZ00.ADV@44	こういったところでは、人の話に耳をかたむけたり、買い物をしたりして冒険に役立てましょう。	
18	msg	4	62	/EC00.ADV@44	不意の敵襲ですが、落ちついて対処すれば切りぬけられるはずです。	
19	msg	2	66	/GC00.ADV@48	仲間の行方も心配でしょうが、いまは先へ進むことだけを考えましょう。	
20	msg	2	115	/GC00.ADV@116	たとえ少しの間とは言え、ともに旅をした仲間と戦うのはつらいことでしょう。\nでも、先へ進むには彼を倒すしかありません。	
21	msg	1	97	/GC2B.ADV@44	あなたの進むべき道は、母の幻が示してくれます。\nあなたをおしつぶそうとする闇をおそれないで・・・。	
22	msg	1	91	/GC30.ADV@44	ゲンユウサイのもとへたどり着くための、最後の難関です。\n彼らを倒せば、道は開かれるでしょう。	
23	msg	1	117	/GC70.ADV@44	あなた方が追い求めてきた宿敵との戦いです。\n冥王ゲンユウサイをほろぼさぬかぎり、ここから出ることはかなわないでしょう。	
24	msg	1	76	/GC80.ADV@44	後ろをかえりみる余裕などないはず。生き残りたくば、ひたすら南へ逃げるのです。	
25	msg	1	52	/ITEMHELP.MSG@952	どなたかお一人のＨＰを１００回復することができます。	
26	msg	1	52	/ITEMHELP.MSG@1008	どなたかお一人のＨＰを５００回復することができます。	
27	msg	1	52	/ITEMHELP.MSG@1064	どなたかお一人のＨＰを完全に回復することができます。	
28	msg	1	50	/ITEMHELP.MSG@1120	どなたかお一人のＭＰを５０回復することができます。	
29	msg	1	52	/ITEMHELP.MSG@1172	どなたかお一人のＭＰを２００回復することができます。	
30	msg	1	52	/ITEMHELP.MSG@1228	どなたかお一人のＭＰを５００回復することができます。	
31	msg	1	72	/ITEMHELP.MSG@1284	どなたかお一人のＨＰとＭＰを最大値の半分の量だけ回復することができます。	
32	msg	1	58	/ITEMHELP.MSG@1360	どなたかお一人のＨＰとＭＰを完全に回復することができます。	
33	msg	1	56	/ITEMHELP.MSG@1420	どなたかお一人のステータス異常を回復することができます。	
34	msg	1	84	/ITEMHELP.MSG@1480	戦闘時に使用できる爆弾です。投げられる範囲とダメージを与えられる範囲は小さい方です。	
35	msg	1	84	/ITEMHELP.MSG@1568	戦闘時に使用できる爆弾です。投げられる範囲とダメージを与えられる範囲は中くらいです。	
36	msg	1	88	/ITEMHELP.MSG@1656	戦闘時に使用できる爆弾です。投げられる範囲とダメージを与えられる範囲は最も優れています。	
37	msg	1	96	/ITEMHELP.MSG@1748	このアイテムは呪われているようです。早く手ばなさないと、必ずやあなた方に災いをもたらすでしょう。	
38	msg	1	82	/ITEMHELP.MSG@1848	いまのあなた方に必要なアイテムとは思えません。お金にかえてしまうのがいいでしょう。	
39	msg	1	88	/ITEMHELP.MSG@1932	あなた方には必要ないでしょう。お店の方なら、このアイテムの価値を見定めてくれるでしょう。	
40	msg	1	92	/ITEMHELP.MSG@2024	高価な宝石ですが、いまのあなた方には特に必要ないでしょう。お店の方に見せてみてはどうですか。	
41	msg	1	78	/ITEMHELP.MSG@2120	東方でしか見られない、めずらしい宝石です。お店の方に見せてみるといいでしょう。	
42	msg	1	78	/ITEMHELP.MSG@2208	これを身につけていると戦闘中にあなたのそばに敵がよりつかなくなることでしょう。	
43	msg	1	70	/ITEMHELP.MSG@2296	お守りの一種です。これを身につけていると会心の一撃がでやすくなります。	
44	msg	1	76	/ITEMHELP.MSG@2368	お守りの一種です。これを身につけていると会心の一撃がとてもでやすくなります。	
45	msg	1	78	/ITEMHELP.MSG@2448	お守りの一種です。これを身につけている方に幸運をもたらしてくれることでしょう。	
46	msg	1	72	/ITEMHELP.MSG@2528	これを身につけていると風のようなすばやさで動き回ることができるでしょう。	
47	msg	1	70	/ITEMHELP.MSG@2604	これを身につけていると光のようにすばやく動き回ることができるでしょう。	
48	msg	1	84	/ITEMHELP.MSG@2676	これを身につけることで一度により多くの動作をおこなうことができるようになるでしょう。	
49	msg	1	74	/ITEMHELP.MSG@2764	これを身につけていればその方の行動力を一気に増大させてくれることでしょう。	
50	msg	1	64	/ITEMHELP.MSG@2840	指にはめることで魔法を受けたときのダメージをやわらげてくれます。	
51	msg	1	98	/ITEMHELP.MSG@2908	邪悪な魔法から身を守るのに絶大な効果を発揮するユビワです。ただし、身につけていなければなりません。	
52	msg	1	78	/ITEMHELP.MSG@3012	これを身につけていると坂道をものともせずに進むことができるようになるでしょう。	
53	msg	1	84	/ITEMHELP.MSG@3092	あなたの力を強める武具です。敵により多くのダメージをあたえられるようになるでしょう。	
54	msg	1	74	/ITEMHELP.MSG@3180	あなたの内に秘められた力を引き出すアイテムです。力強さがますことでしょう。	
55	msg	1	78	/ITEMHELP.MSG@3256	うでにはめる武具です。敵から受けるダメージを少しやわらげてくれることでしょう。	
56	msg	1	70	/ITEMHELP.MSG@3336	風の精霊がやどる腕輪です。敵からのダメージをやわらげてくれるでしょう。	
57	msg	1	84	/ITEMHELP.MSG@3408	これを身につけることで戦闘中に眠らされたり、仲間を裏切ったりすることがなくなります。	
58	msg	1	86	/ITEMHELP.MSG@3496	身につけることで、その方だけは戦闘中に混乱をきたしたり、物おじすることがなくなります。	
59	msg	1	60	/ITEMHELP.MSG@3584	これを身につけると精神に効果のある魔法を受けにくくなります。	
60	msg	1	44	/ITEMHELP.MSG@3648	火の魔法に対する守りをかためるアイテムです。	
61	msg	1	32	/ITEMHELP.MSG@3720	クィーンズランド城の牢獄の鍵よ。	
62	msg	1	48	/ITEMHELP.MSG@3788	クィーンズランド城の２Ｆへ上がるのに必要な鍵よ。	
63	msg	1	36	/ITEMHELP.MSG@3840	ドラグーン城の地下で手に入れた鍵よ。	
64	msg	1	88	/ITEMHELP.MSG@3880	いま、あなたがご覧になっている本です。私自身に関してのコメントは控えさせていただきます。	
65	msg	1	42	/ITEMHELP.MSG@3988	神が天地創造のときに用いたと言われる水よ。	
66	msg	1	42	/ITEMHELP.MSG@4032	竜殺しっていうの？　でもただのお酒でしょ？	
67	msg	1	34	/ITEMHELP.MSG@4076	サモサ島の各地で手に入れた宝物よ。	
68	msg	1	98	/ITEMHELP.MSG@4112	村娘がくれたお守りですね。不思議な守りの力を感じます。持っていれば、きっと良いコトがあるでしょう。	
69	msg	1	42	/ITEMHELP.MSG@4212	何かの神像でしょ？何の神様かは知らないわ。	
70	msg	1	28	/ITEMHELP.MSG@4256	何か強い力を感じるけど・・・	
71	msg	1	26	/ITEMHELP.MSG@4288	ロクセリオが使う端末？？？	
72	msg	2	52	/ITEMHELP.MSG@4316	クィーンズランド・パレスで見つけたカギのようですね。	
73	msg	1	92	/ITEMHELP.MSG@4428	ホワイトウィングを呼びよせることができます。なるべく見晴らしのいい場所で用いるべきでしょう。	
74	msg	1	66	/ITEMHELP.MSG@4628	一般的に使われている剣です。これといって目立った特性はありません。	
75	msg	1	78	/ITEMHELP.MSG@4696	実戦用にきたえた剣です。戦闘でうまく使いこなせば大きな効果をもたらすでしょう。	
76	msg	1	88	/ITEMHELP.MSG@4776	聖戦士がもつ剣に似せて作られているようです。全てはあつかう者の技量しだいということです。	
77	msg	1	58	/ITEMHELP.MSG@4868	たいへん大きな剣です。使いこなすには苦労することでしょう。	
78	msg	1	70	/ITEMHELP.MSG@4928	たぐいまれな才能をもつ者にのみ、その所有がゆるされると言われる剣です。	
79	msg	1	68	/ITEMHELP.MSG@5000	軽量化をはかられた剣です。戦闘での効果はあまり期待できないでしょう。	
80	msg	1	74	/ITEMHELP.MSG@5072	その名のとおり所有者の運を高める剣です。武器としての効果もじゅうぶんです。	
81	msg	1	84	/ITEMHELP.MSG@5148	ワーム（虫）に対して特に効果のある剣です。ふだんの武器とするのは、かんがえものです。	
82	msg	1	90	/ITEMHELP.MSG@5236	竜のウロコを斬りさくためにきたえられた特別な剣です。ふだんの武器としても申し分ありません。	
83	msg	1	76	/ITEMHELP.MSG@5328	使用する者の命をすいとると言われるおそろしい剣です。霊的な力を秘めています。	
84	msg	1	74	/ITEMHELP.MSG@5408	使う者の動作をにぶらせてしまいますが、暗黒の力できたえられた強力な剣です。	
85	msg	1	36	/ITEMHELP.MSG@5496	忍者が使用するのに向いている刀です。	
86	msg	1	32	/ITEMHELP.MSG@5536	備前長船の作と言われる名刀です。	
87	msg	1	56	/ITEMHELP.MSG@5572	細身で斬れ味するどく、あつかいやすい刀と言えるでしょう。	
88	msg	1	38	/ITEMHELP.MSG@5632	人斬り包丁と呼ぶにふさわしい妖刀です。	
89	msg	1	52	/ITEMHELP.MSG@5672	古来より、こぞって人々がもとめたと言われる名刀です。	
90	msg	1	74	/ITEMHELP.MSG@5728	神聖な光を刀身からはなつ刀です。所有者に幸運をもたらすとも言われています。	
91	msg	1	36	/ITEMHELP.MSG@5804	雷のごとき一撃を敵にあたえる刀です。	
92	msg	1	78	/ITEMHELP.MSG@5844	この刀によっておわされたキズは、その者を眠りの中にさそいこむと言われています。	
93	msg	1	64	/ITEMHELP.MSG@5924	霊的な力を秘めた刀で、武器としては申し分ない効果が期待できます。	
94	msg	1	84	/ITEMHELP.MSG@5992	内に秘めた暗黒の力がもつ者の行動をにぶらせますが、斬れ味のするどさは見すごせません。	
95	msg	1	82	/ITEMHELP.MSG@6080	強力な刀ですが、手にする者におりたつ魔により正常な判断をうしなってしまうでしょう。	
96	msg	1	32	/ITEMHELP.MSG@6176	一般的に使われる戦闘用の槍です。	
97	msg	1	52	/ITEMHELP.MSG@6212	柄に妖精グランガランのレリーフがほどこされた槍です。	
98	msg	1	84	/ITEMHELP.MSG@6268	長さと多彩な攻撃方法をほこる槍です。うまくあつかえば坂道を進むのも楽になるでしょう。	
99	msg	1	66	/ITEMHELP.MSG@6356	三又の槍です。リーチをいかせる戦場では、絶大な効果が期待できます。	
100	msg	1	74	/ITEMHELP.MSG@6424	めずらしい形状をした槍ですが、うまく使えば坂道を進む手助けともなり得ます。	
101	msg	1	80	/ITEMHELP.MSG@6500	神聖な力につつまれた槍です。敵の魔法から受けるダメージをやわらげる力もあります。	
102	msg	1	50	/ITEMHELP.MSG@6584	あつかいやすさと力強さをかねそなえた聖なる槍です。	
103	msg	1	82	/ITEMHELP.MSG@6636	手にする者を不幸におとしいれる槍ですが、その力強さにひかれる者も少なくありません。	
104	msg	1	80	/ITEMHELP.MSG@6720	悪魔がもたらした槍と言われています。手にするには相当の覚悟を強いられるでしょう。	
105	msg	1	58	/ITEMHELP.MSG@6816	石づくりのハンマーです。効果はあまり期待できないでしょう。	
106	msg	1	66	/ITEMHELP.MSG@6876	戦闘用にしつらえられたハンマーです。そこそこの効果は期待できます。	
107	msg	1	88	/ITEMHELP.MSG@6944	鉄でつくられたハンマーです。使いこなすことができれば、それなりの効果は得られるでしょう。	
108	msg	1	82	/ITEMHELP.MSG@7036	ふだんの武器としても申し分ありませんが、特に虫に対して効果をあらわすハンマーです。	
109	msg	1	72	/ITEMHELP.MSG@7120	がっしりとしたハンマーですが、見た目に反して大変あつかいやすいようです。	
110	msg	1	84	/ITEMHELP.MSG@7196	ハンマーの中では他にならぶもののない力をもっています。霊的な効果も期待できそうです。	
111	msg	1	72	/ITEMHELP.MSG@7284	敵を混乱におとしいれる魔法を先端部にほどこした、めずらしいハンマーです。	
112	msg	1	54	/ITEMHELP.MSG@7372	ごく一般的な弓です。効果はあまり期待できないでしょう。	
113	msg	1	76	/ITEMHELP.MSG@7428	レバーを引いて矢を打ち出す変わった弓です。ふつうの弓より威力はあるようです。	
114	msg	1	86	/ITEMHELP.MSG@7508	猛獣ガジェルのひげを弦に用いためずらしい弓です。霊的な攻撃力を内に秘めているようです。	
115	msg	1	68	/ITEMHELP.MSG@7596	古代ソリトン戦役においてはじめて投入された、弓兵用の強力な長弓です。	
116	msg	1	70	/ITEMHELP.MSG@7668	この弓から打ち出される矢は、時として敵を一撃でしとめる効果を発します。	
117	msg	1	54	/ITEMHELP.MSG@7740	つがえた矢に霊的な力をあたえるといわれる特殊な弓です。	
118	msg	1	78	/ITEMHELP.MSG@7796	ルーンと呼ばれる特殊な言語がきざまれた矢を用いる弓です。霊的な効果を発します。	
119	msg	1	82	/ITEMHELP.MSG@7876	この弓から打ち出された矢は、ときとして相手に心地よい眠りをもたらすことがあります。	
120	msg	1	84	/ITEMHELP.MSG@7960	この弓からはなたれた矢を受けた者は、射手にその心をうばわれてしまうと言われています。	
121	msg	1	76	/ITEMHELP.MSG@8048	聖なる光につつまれた矢で、闇を射ちくだく力があると言われるめずらしい弓です。	
122	msg	1	66	/ITEMHELP.MSG@8128	この弓は、射る者の視界をおおう暗黒の力がほどこされているようです。	
123	msg	1	62	/ITEMHELP.MSG@8196	高い確率で射手みずからの命を奪い取ってしまうおそろしい弓です。	
124	msg	1	78	/ITEMHELP.MSG@8292	その名のとおりカミをとめておくアクセサリーです。女性の方のみご使用になれます。	
125	msg	1	88	/ITEMHELP.MSG@8372	タオの導師が集中力を高めるためにひたいにまいたバンドです。女性の方のみご使用になれます。	
126	msg	1	86	/ITEMHELP.MSG@8464	頭にかぶることで暗黒の力から身を守るはたらきを強めます。女性の方のみご使用になれます。	
127	msg	1	88	/ITEMHELP.MSG@8552	霊的な力で身を守り知性を高めるはたらきをもつかんむりです。女性の方のみご使用になれます。	
128	msg	1	62	/ITEMHELP.MSG@8644	ごく一般的な帽子です。防具としての効果は期待できないでしょう。	
129	msg	1	78	/ITEMHELP.MSG@8708	魔法をお使いになる方のための帽子です。風の精霊があなたを守ってくれるでしょう。	
130	msg	1	76	/ITEMHELP.MSG@8788	魔法をお使いになる方の能力を引き出すために、ガーラン糸でおりこんだ帽子です。	
131	msg	1	82	/ITEMHELP.MSG@8868	魔法使いのための帽子です。魔法に対する術者の集中力を高めるはたらきがあるようです。	
132	msg	1	78	/ITEMHELP.MSG@8952	知性を高めるはたらきをもつ帽子ですが、魔法使いの方以外にはお使いになれません。	
133	msg	1	42	/ITEMHELP.MSG@9032	戦士がかぶる、ごく一般的なヘルメットです。	
134	msg	1	44	/ITEMHELP.MSG@9076	トラキア式と呼ばれる戦士用のヘルメットです。	
135	msg	1	58	/ITEMHELP.MSG@9124	動きやすさに重点をおいてつくられた戦士用のヘルメットです。	
136	msg	1	52	/ITEMHELP.MSG@9184	ガリア戦記にてレブロウ軍兵士が用いたヘルメットです。	
137	msg	1	60	/ITEMHELP.MSG@9240	守りの力を高めることに重点をおかれた戦士用のヘルメットです。	
138	msg	1	58	/ITEMHELP.MSG@9304	軽量の特別せんいで丹念にあみこまれた戦士用ヘルメットです。	
139	msg	1	74	/ITEMHELP.MSG@9364	かつてこの地にて、旅なかばに命をおとした名もなき戦士のかぶとと思われます。	
140	msg	1	60	/ITEMHELP.MSG@9456	重いよろいを身につけることができない魔法使いのための服です。	
141	msg	1	54	/ITEMHELP.MSG@9520	木綿にあつみをもたせて作られた魔法使いのための服です。	
142	msg	1	48	/ITEMHELP.MSG@9576	けものの皮をなめして作られた魔法使い用の服です。	
143	msg	1	40	/ITEMHELP.MSG@9628	魔法をお使いになる方のための軽装服です。	
144	msg	1	46	/ITEMHELP.MSG@9672	霊的な力をふうじこめた魔法使いのための服です。	
145	msg	1	64	/ITEMHELP.MSG@9720	魔法をお使いになる方の知性をいっそう高めるはたらきをもつ服です。	
146	msg	1	62	/ITEMHELP.MSG@9788	魔法をお使いになる方のための軽装服に魔力を封じこめたものです。	
147	msg	1	58	/ITEMHELP.MSG@9852	旅をする女性向けに、防具としてのはたらきをもたせた服です。	
148	msg	1	54	/ITEMHELP.MSG@9912	見た目にこだわる女性のためにデザインされた旅装束です。	
149	msg	1	70	/ITEMHELP.MSG@9968	ありきたりの服装ではあきたらないという女性のためのきらびやかな服です。	
150	msg	1	62	/ITEMHELP.MSG@10040	小さなリングを丹念につなぎ合わせてつくった戦士用のよろいです。	
151	msg	1	76	/ITEMHELP.MSG@10104	魚のウロコの形をした金属片で防具としての効果を高めた戦士のためのよろいです。	
152	msg	1	48	/ITEMHELP.MSG@10184	板状の金属で守りの力を高めた戦士用のよろいです。	
153	msg	1	62	/ITEMHELP.MSG@10236	なめし皮の上に鉄のバンドをはりつけて守りを強化したよろいです。	
154	msg	1	62	/ITEMHELP.MSG@10300	各部の補強にドラゴンのウロコが用いられている戦士用よろいです。	
155	msg	1	52	/ITEMHELP.MSG@10364	ナイトの身をかためる防具として風格のあるよろいです。	
156	msg	1	48	/ITEMHELP.MSG@10420	魔法の攻撃に対する効果を高めた戦士用よろいです。	
157	msg	1	72	/ITEMHELP.MSG@10472	大地の精霊アースの力を受け、魔法に対する力をより高めた戦士用よろいです。	
158	msg	1	54	/ITEMHELP.MSG@10548	僧侶のための服です。防具としての効果は少ないようです。	
159	msg	1	64	/ITEMHELP.MSG@10604	祝典などで着用する紫色の法衣です。僧侶の方のみお使いになれます。	
160	msg	1	76	/ITEMHELP.MSG@10672	魔法に対する守りの効果を高めた法衣で、暗黒の力をも打ち消すと言われています。	
161	msg	1	56	/ITEMHELP.MSG@10752	特別な者にのみその着用がゆるされるという聖なる法衣です。	
162	msg	1	56	/ITEMHELP.MSG@10824	武器をもたない方の手にはめて利き手を守るための防具です。	
163	msg	1	76	/ITEMHELP.MSG@10884	なめした皮を用いているため、ふつうのグローブよりは効果を期待できるでしょう。	
164	msg	1	58	/ITEMHELP.MSG@10964	金属片を指の動きに対応できるようはり合わせたグローブです。	
165	msg	1	70	/ITEMHELP.MSG@11024	こぶしにはめて用いる防具ですが、同時に武器としての効果も期待できます。	
166	msg	1	40	/ITEMHELP.MSG@11096	暗黒の力を打ちくだく聖なるグローブです。	
167	msg	1	78	/ITEMHELP.MSG@11140	武をきわめた者は、このグローブの中に妖しくかがやく星を見出すと言われています。	
168	msg	1	60	/ITEMHELP.MSG@11220	木製のシールドです。防具としての効果はあまり期待できません。	
169	msg	1	72	/ITEMHELP.MSG@11284	戦闘用に作られたシールドで、あつかいやすさに重点がおかれているようです。	
170	msg	1	74	/ITEMHELP.MSG@11360	円形につくられたシールドです。敵の武器を受け流す守りに向いているようです。	
171	msg	1	50	/ITEMHELP.MSG@11436	魔をはらう性質をもつという銀を用いたシールドです。	
172	msg	1	42	/ITEMHELP.MSG@11488	全身を守るのにてきした大型のシールドです。	
173	msg	1	42	/ITEMHELP.MSG@11532	暗黒の力をよせつけない聖なるシールドです。	
174	msg	1	76	/ITEMHELP.MSG@11576	防具としての効果の高いシールドですが、同時に邪悪な気もやどっているようです。	
175	msg	1	76	/ITEMHELP.MSG@11656	魔にみいられたシールドです。魔法に対する力をほとんどうばいとってしまいます。	
176	msg	1	50	/ITEMHELP.MSG@11736	火に対しての守りを高めることのできるシールドです。	
177	msg	1	72	/ITEMHELP.MSG@11788	特に水に対しての守りを高めたいなら、このシールドを用いるといいでしょう。	
178	msg	1	46	/ITEMHELP.MSG@11864	雷に対して特にその効果をあらわすシールドです。	
179	msg	1	64	/ITEMHELP.MSG@11912	精神面にはたらきかけ霊的な攻撃に対して効果を発するシールドです。	
180	msg	1	95	/KEYHELP.MAT@68	（方向）　　　　　　　　　　　　　　　［１／７］\n　カーソルの移動、攻撃方向の指示に使用します。	
181	msg	1	299	/KEYHELP.MAT@164	（決定）　　　　　　　　　　　　　　　［２／７］\n　移動キャラクタの決定、行動の決定に使用します。\n　カーソルが次のポイントにあるときは、\n　特殊な動作をします。\n　　１）プレイヤーキャラクター上\n　　　　　－－－プレイヤーの行動指示\n　　２）モンスターキャラクター上\n　　　　　－－－モンスターの情報表示	
182	msg	1	145	/KEYHELP.MAT@464	（キャンセル）　　　　　　　　　　　　［３／７］\n　行動指示、情報表示のキャンセルをします。\n　何もしていなければ、システムメニューに\n　入ります。	
183	msg	2	215	/KEYHELP.MAT@612	（上視点切替）　　　　　　　　　　　　［４／７］\n　真上からの視点に切替えます。\n　画面内のキャラクターのＨＰ／ＭＰを表示します。\n（横視点切替）\n　横からの視点に切替えます。\n　グリットが表示され、地形が確認出来ます。	
184	msg	1	153	/KEYHELP.MAT@828	（順送り選択）　　　　　　　　　　　　［５／７］\n（逆送り選択）\n　未行動キャラクタにカーソルを自動で合せます。\n　押す度に次のキャラクタに切り替わります。	
185	msg	1	224	/KEYHELP.MAT@984	（水平視点切替）　　　　　　　　　　　［６／７］\n　水平方向からの視点に切替わります。\n　この視点では、バトルに関する操作は出来ません。\n　方向キー（左右）　－－　左右に回転します。\n　方向キー（上下）　－－　上下に移動します。	
186	msg	1	222	/KEYHELP.MAT@1212	（特殊機能）　　　　　　　　　　　　　［７／７］\n　他のキャラクタを追いかけたい場合に使用します。\n　未行動キャラクタにカーソルを合わせ、\n　特殊機能ボタンを押すと直前に移動した\n　キャラクタに最も近づくポイントへ移動します。	
187	msg	1	78	/KEYHELP.MAT@1467	h（方向）　　　　　　　　　　　　　　　［１／７］\n　キャラクタを移動させます。	
188	msg	1	110	/KEYHELP.MAT@1548	（決定）　　　　　　　　　　　　　　　［２／７］\n　メッセージ送りに使用します。\n　歩いている間は機能しません。	
189	msg	1	79	/KEYHELP.MAT@1660	（キャンセル）　　　　　　　　　　　　［３／７］\n　システムメニューに入ります。	
190	msg	1	112	/KEYHELP.MAT@1956	（順送り選択）　　　　　　　　　　　　［５／７］\n（逆送り選択）\n　仲間になっている他のメンバーとチェンジします。	
191	msg	1	77	/KEYHELP.MAT@2072	（水平視点切替）　　　　　　　　　　　［６／７］\n　ワールドでは使用しません。	
192	msg	1	135	/KEYHELP.MAT@2152	（特殊機能）　　　　　　　　　　　　　［７／７］\n　飛行モードに移ります。\n　シナリオで、アイテムを手に入れていないと\n　使用できません。	
193	msg	1	81	/KEYHELP.MAT@2310	\nпi方向）　　　　　　　　　　　　　　　［１／５］\n　コマンドの選択を行ないます。	
194	msg	1	79	/KEYHELP.MAT@2392	（決定）　　　　　　　　　　　　　　　［２／５］\n　コマンドの決定を行ないます。	
195	msg	1	106	/KEYHELP.MAT@2472	（キャンセル）　　　　　　　　　　　　［３／５］\n　メニューをぬけたり、キャンセルするために\n　使用します。	
196	msg	1	110	/KEYHELP.MAT@2580	（特殊機能）　　　　　　　　　　　　　［４／５］\n　アイテムメニュー中で、アイテムを\n　整理することができます。	
197	msg	2	48	/KEYHELP.MAT@2692	他のキーは使用しません。　　　　　　　［５／５］	
198	msg	1	154	/KEYHELP.MAT@2768	（方向）　　　　　　　　　　　　　　　［１／５］\n　移動方向を指示します。\n　　上　－－－前進します。\n　　左右－－－旋回します。\n　　下　－－－後進します。	
199	msg	1	102	/KEYHELP.MAT@2924	（決定）（Ａ）（Ｂ）（Ｃ）　　　　　　［２／５］\n　着地します。ただし、着地できない\n　場所があります。	
200	msg	1	97	/KEYHELP.MAT@3028	（水平視点切替）　　　　　　　　　　　［３／５］\n　画面左下の全体マップをオープンクローズします。	
201	msg	1	106	/KEYHELP.MAT@3128	（上視点切替）　　　　　　　　　　　　［４／５］\n（横視点切替）\n　バーチャル視点を３種類の中から選べます。	
202	msg	1	81	/LB10.ADV@44	敵の戦力は圧倒的です。\nくやしいでしょうが、北へ戦線を後退させるのが良策でしょう。	
203	msg	1	93	/LB2B.ADV@44	邪悪な野心家を止められるのはあなた方だけです。\nこの戦いがあなた方の旅に終止符をうつでしょう。	
204	msg	1	95	/MI00.ADV@48	西の方に深いジャングルが広がっています。\nあなた方がさがしている人物はそちらへ向かったようです。	
205	msg	1	66	/MI10.ADV@44	宝さがしも大切でしょうが、他にも見ておくべきものがあると思います。	
206	msg	1	58	/MI20.ADV@44	大陸へもどるためにも、船を占拠している敵を一掃しましょう。	
207	msg	1	73	/MI30.ADV@44	海賊退治が目的なら、迷う必要もないでしょう。\n目の前の敵をたたくのみです。	
208	msg	1	101	/MIDY.ADV@388	幽玄の森のある一点を中心に、悪しき気がひときわ強まっているようです。\n急いで行動を起こすべきでしょう。	
209	msg	1	77	/MN00.ADV@140	ここは、さびれた小さな村ですね。\n村の人の話に耳をかたむけてみてはどうですか？	
210	msg	1	83	/MO00.ADV@140	船乗りが多く集まる町ですね。\n酒場に行けば、何かおもしろい話が聞けるかもしれません。	
211	msg	1	103	/QB00.ADV@140	ナイトバードと連絡がとれないようですね。\nしばらく各地を回ってから、またもどってきてはいかがでしょうか？	
212	msg	1	111	/QH00.ADV@144	賢者に教えられた作動キーなら、東の道にあります。\nジャマな岩をこわすことができれば、そこへたどり着けるでしょう。	
213	msg	1	79	/QH00.ADV@256	城にいたる道が通じたようです。\n西の道から、さらにどうくつの奥を目指しましょう。	
214	msg	2	97	/QH00.ADV@336	もう、ここを通って城へ行く必要はないはずです。\nそれとも、城を任せている宰相に信頼がおけませんか？	
215	msg	1	91	/QH10.ADV@52	どうやらクモのようなモンスターが扉を守っているようです。\nまずは、この敵を倒すべきでしょう。	
216	msg	1	87	/QH10.ADV@144	扉を守っていたモンスターは倒したのでしょう？\n城へいたるまでの障害は、もうないようです。	
217	msg	1	72	/QH30.ADV@44	南へぬけた所にある町へ向かうなら、敵の包囲網を突破するしかないでしょう。	
218	msg	1	105	/QH3B.ADV@44	敵もナイトバードをさがしているようですね。\n彼とぶじに接触をとるためには、障害を取り除くしかないでしょう。	
219	msg	1	63	/QLND.ADV@64	クィーンズノーズを登り、\n雲海の賢者に助言をもとめるのでしょう？	
220	msg	2	106	/QLND.ADV@456	ゲンユウサイを追って、この国の東部にある幽玄の森へ向かうのでしょう？上空から森に降りる方法を考えましょう。	
221	msg	1	84	/QN10.ADV@44	まずは、雲海の賢者に会うことです。急な坂道ですが、ひたすら北へと登り進んでください。	
222	msg	1	52	/QP00.ADV@48	城の１階へ向かうなら、北の通路の奥に階段があります。	
223	msg	1	79	/QP00.ADV@104	資材搬入用の扉を開けるには、根気が必要です。\nとにかく何度も挑戦してみましょう。	
224	msg	1	99	/QP0B.ADV@44	この階にナイトバードのすがたは見られないようです。\n東にある階段を使って上の階をさがしてみましょう。	
225	msg	1	90	/QP0C.ADV@44	急がないと毒におかされてしまいます。階段は北にしかないので、のんびりとはしていられません。	
226	msg	1	87	/QP1B.ADV@44	こう敵の数が多くては脱出もままならないでしょう。\nまずは敵の全滅に力をかたむけましょう。	
227	msg	1	72	/QP1C.ADV@44	目指すゲンユウサイはこの上の階です。東のはしにある階段を目指しましょう。	
228	msg	1	109	/QP2C.ADV@44	ゲンユウサイと、幹部の中でも実力ナンバー１といわれるジュウザ。\nこの２人を倒さずして勝利は得られないでしょう。	
229	msg	1	85	/QW00.ADV@44	あなた方がさがしもとめてきた敵が、いま目の前にいます。\nおそれずに立ち向かいましょう。	
230	msg	1	82	/QW10.ADV@44	道ぞいに北へ進めば、森を出られます。グズグズしていると、敵に囲まれてしまいますよ。	
231	msg	1	106	/QW20.ADV@44	あなた方に与えられた道はひとつしかありません。\nいかな強敵であろうと、\n全力でぶつかっていくしかないのです。	
232	msg	3	105	/RI00.ADV@48	魔法のアイテムをさがしているのでしょう？\nそれなら、自分の足ですみずみまで歩き回ってみるのが一番でしょう。	
233	msg	3	79	/RI00.ADV@156	魔法のアイテムはもう見つけたのでしょう？\nもう、ここを調べる必要はないでしょう。	
234	msg	1	85	/RI10.ADV@44	敵の１人は、ゲンユウサイの幹部のようです。\nまさか、放っておくつもりではないでしょう？	
235	msg	3	93	/RT00.ADV@48	ゴースト系の敵には通常攻撃がきかないので注意が必要です。\n一気に進んでしまうのがよいでしょう。	
236	msg	3	105	/RT00.ADV@144	ゴースト系の敵には通常攻撃がきかないので注意が必要です。\nそもそも、今ここを回る必要性があるのでしょうか？	
237	msg	1	70	/RT30.ADV@48	だれも、いないようですね。\n戻りますか？\nそれとも、もう少し調べますか？	
238	msg	1	52	/RT30.ADV@120	だれも、いないようですね。さあ、地上に戻りましょう。	
239	msg	1	285	/STATHELP.MAT@60	　　　　　　　　　　　　　　　　　　　［１／７］\nＬｖ（レベル）\n　キャラクタの強さを表わす数値で、Ｅｘｐが\n　一定の数値を越えるとレベルアップします。\nＥｘｐ（経験値）\n　モンスターを倒すことで、お金と経験値を得る\n　ことができます。表示上は\n　現在値／レベルアップする値　と表示されます。	
240	msg	1	314	/STATHELP.MAT@348	　　　　　　　　　　　　　　　　　　　［２／７］\nＨｐ（ヒットポイント）\n　体力値を表わします。\n　０になると、行動不能になり画面から消えますが、\n　ワールドマップにもどると復活します。\nＭｐ（マジックポイント）\n　魔法力を表わします。\n　魔法を使うごとに消費し、魔法の必要Ｍｐに\n　足らなくなると魔法が使えなくなります。	
241	msg	1	338	/STATHELP.MAT@664	ステータス種類（１）　　　　　　　　　［３／７］\n飛－空中に浮いていて、いづな落としや投げで攻撃\n　　されません。また、地系の攻撃技でダメージを\n　　受けません。\n透－透明化しています。打撃系の攻撃を受けません。\n眠－眠らされています。寝ている間は何もできませ\n　　ん。\n恐－恐怖に理性を失っています。相手から逃げまわ\n　　ることしかできません。	
242	msg	1	278	/STATHELP.MAT@1004	ステータス種類（２）　　　　　　　　　［４／７］\n凍－凍らされています。溶けるまでは動くこともで\n　　きません。\n痺－マヒさせられています。動くことができません。\n乱－混乱させられています。敵、味方の区別なく攻\n　　撃してくるでしょう。\n操－敵に操られています。味方を攻撃してきます。	
243	msg	1	288	/STATHELP.MAT@1284	ステータス種類（３）　　　　　　　　　［５／７］\n大－自分が大きくなっていて、\n　　攻撃力も高くなっています。\n小－自分が小さくなっていて、\n　　攻撃力も低下しています。\n昇－行動力が上昇していて、移動の範囲が広くなっ\n　　ています。\n低－行動力が低下していて、移動の範囲もせまく\n　　なります。	
244	msg	1	340	/STATHELP.MAT@1576	パラメータ種類（１）　　　　　　　　　［６／７］\n行動力　－移動と攻撃技で使用する値。ターン毎に\n　　　　　回復します。\n登坂　　－坂を登る能力や水の上などを飛行できる\n　／水上　能力を示します。\n速さ　　－回避率と必殺率に影響を与えます。\n攻撃力　－攻撃技でのダメージ力です。\n防御力　－攻撃技を受けた時のダメージを小さくす\n　　　　　る力です。	
245	msg	1	350	/STATHELP.MAT@1920	パラメータ種類（２）　　　　　　　　　［７／７］\n幸運　　－運は回避率をアップします。\n賢さ　　－魔法攻撃力に影響を与えます。\n抗魔力　－魔法技を受けた時のダメージを小さくす\n　　　　　る力です。\n回避率　－自分と同程度の速さの\n　　　　　モンスターに対する回避率です。\n必殺率　－自分と同程度の能力を持つ、\n　　　　　モンスターに対するクリティカル率です。	
246	msg	1	258	/STATHELP.MAT@2295	h　　　　　　　　　　　　　　　　　　　［１／５］\n技Ｌｖ　　　－現在の技のレベルです。\n技Ｅｘｐ　　－技を使うごとに経験値が加算されて\n　　　　　　　いきます。一定値になると技レベル\n　　　　　　　がＵＰして、技を覚えたり、使える\n　　　　　　　ようになります。	
247	msg	1	353	/STATHELP.MAT@2556	　　　　　　　　　　　　　　　　　　　［２／５］\n各技の技Ｌｖ－技を使うために必要となる技レベル\n　　　　　　　です。もう１つの値は使うごとに加\n　　　　　　　算される経験値です。\n必要行動力　－技を使うために必要な行動力です。\n　　　　　　　移動したときに、この必要行動力だ\n　　　　　　　けの行動力が残っていないと技を使\n　　　　　　　うことはできません。	
248	msg	1	221	/STATHELP.MAT@2912	　　　　　　　　　　　　　　　　　　　［３／５］\n必要Ｍｐ　　－魔法を使うために必要なＭｐです。\n　　　　　　　残りのＭｐがこれより少ないと魔法\n　　　　　　　を使うことはできません。\nパワー　　　－攻撃力や回復力の値です。\n	
249	msg	1	293	/STATHELP.MAT@3136	　　　　　　　　　　　　　　　　　　　［４／５］\n射程　　　　－技や魔法が届く範囲です。\n　　（単）一体だけを攻撃します。\n　　（術）一体だけを攻撃します。\n　　　　　障害物の影響を受けません。\n　　（弧）扇の範囲に攻撃します。\n　　（扇）扇の範囲に攻撃します。\n　　　　　障害物の影響を受けません。	
250	msg	1	254	/STATHELP.MAT@3432	　　　　　　　　　　　　　　　　　　　［５／５］\n　　（円）円の範囲に攻撃します。\n　　（全）円の範囲に攻撃します。\n　　　　　障害物の影響を受けません。\n　　（直）直線上に攻撃します。\n　　　　　障害物の影響を受けません。\n　　（自）自分自身に技をかけます。	
251	msg	1	27	/TEST.ADV@47	:相談メッセージがありません	
252	msg	1	36	/WAZAHELP.MSG@852	敵１体に対して剣で斬りかかる技です。	
253	msg	1	46	/WAZAHELP.MSG@892	剣を鋭く突き出して、相手の体をつらぬく技です。	
254	msg	1	50	/WAZAHELP.MSG@940	剣から小さな衝撃波を発して敵にたたきつける技です。	
255	msg	1	46	/WAZAHELP.MSG@992	剣をふり回し、前方にいる敵を斬りつける技です。	
256	msg	1	34	/WAZAHELP.MSG@1040	敵にジャンプして斬りかかる技です。	
257	msg	1	46	/WAZAHELP.MSG@1076	敵に対し、剣を突き出して一気に切り込む技です。	
258	msg	1	62	/WAZAHELP.MSG@1124	剣先からすさまじい衝撃波を出して前方の敵にたたきつける技です。	
259	msg	1	66	/WAZAHELP.MSG@1188	自分のまわりに剣の風圧で衝撃波を発生させ、敵にたたきつける技です。	
260	msg	1	40	/WAZAHELP.MSG@1256	おどりくるうように剣をふりまわす技です。	
261	msg	1	48	/WAZAHELP.MSG@1304	敵に光のオーラをまとわせダメージを与える技です。	
262	msg	1	42	/WAZAHELP.MSG@1356	剣先から火炎を発し、敵を焼きつくす技です。	
263	msg	1	42	/WAZAHELP.MSG@1400	敵に冷気をたたきつけ凍らせてしまう技です。	
264	msg	1	74	/WAZAHELP.MSG@1444	剣で斬りつけた傷口から敵の体力を吸いとり、自らの体力と変えてしまう技です。	
265	msg	1	44	/WAZAHELP.MSG@1520	剣先に雷を呼びおこし敵にたたきつける技です。	
266	msg	1	52	/WAZAHELP.MSG@1568	敵の魂(ソウル)に攻撃を加えダメージをあたえる技です。	
267	msg	1	26	/WAZAHELP.MSG@1636	刀で敵に斬りかかる技です。	
268	msg	1	56	/WAZAHELP.MSG@1664	少し距離をおいた敵に対してすばやく刀で斬りかかる技です。	
269	msg	1	56	/WAZAHELP.MSG@1724	空を円のごとく斬りさくように周囲の敵に斬りつける技です。	
270	msg	1	60	/WAZAHELP.MSG@1784	太刀すじがイナヅマを生むほどのするどい一撃をくりだす技です。	
271	msg	1	56	/WAZAHELP.MSG@1848	すばやく踏み込み、影さえも切り取ると呼ばれる秘剣技です。	
272	msg	1	74	/WAZAHELP.MSG@1908	正面にいならぶ敵に対し、その場にいながらにして霊光の刃で斬りつける技です。	
273	msg	1	30	/WAZAHELP.MSG@1984	風の刃で敵を斬りきざむ技です。	
274	msg	1	50	/WAZAHELP.MSG@2016	空間を裂くように正面にいならぶ敵を刺し貫く技です。	
275	msg	1	56	/WAZAHELP.MSG@2068	鳳凰を呼びよせ、周囲の敵に大ダメージを与える秘剣技です。	
276	msg	1	60	/WAZAHELP.MSG@2132	敵１体のかげを地面にぬいとめ身動きできないようにする技です。	
277	msg	1	50	/WAZAHELP.MSG@2196	忍者の武器である手裏剣を投げつけて攻撃する技です。	
278	msg	1	34	/WAZAHELP.MSG@2248	相手に組みついて投げ落とす技です。	
279	msg	1	58	/WAZAHELP.MSG@2284	手裏剣のみだれ打ちで、周囲の敵にダメージをあたえる技です。	
280	msg	1	46	/WAZAHELP.MSG@2344	気をたたきつけて相手を気絶させてしまう技です。	
281	msg	1	44	/WAZAHELP.MSG@2392	敵に卍型の手裏剣を投げつけて攻撃する技です。	
282	msg	1	74	/WAZAHELP.MSG@2440	すばやく敵のふところに斬りこむこの技は、ときとして必殺の一撃ともなります。	
283	msg	1	48	/WAZAHELP.MSG@2516	卍手裏剣をブーメランの様に使って攻撃する技です。	
284	msg	1	40	/WAZAHELP.MSG@2608	こぶしで相手をなぐりダメージを与えます。	
285	msg	1	30	/WAZAHELP.MSG@2652	相手にけりをたたきこむ技です。	
286	msg	1	70	/WAZAHELP.MSG@2684	相手に反撃のすきをあたえることなく次々とパンチキックをくり出す技です。	
287	msg	1	52	/WAZAHELP.MSG@2756	拳をはげしく相手にたたきつけて吹き飛ばす攻撃技です。	
288	msg	1	52	/WAZAHELP.MSG@2812	相手を空になげて落とすことでダメージを与える技です。	
289	msg	1	76	/WAZAHELP.MSG@2868	大きく宙に飛び上がり、ふだんはのぼれない場所まで移動することができる技です。	
290	msg	1	56	/WAZAHELP.MSG@2952	回転キックで、まわりの敵に次々とダメージを与える技です。	
291	msg	1	68	/WAZAHELP.MSG@3012	ひねりをきかせてくり出したこぶしが、たつまきを生むといわれる技です。	
292	msg	1	70	/WAZAHELP.MSG@3084	しめあげる技で、しばらくの間、相手の動きを封じてしまうことができます。	
293	msg	1	74	/WAZAHELP.MSG@3156	かたい岩をもうすい紙のごとく斬りさいてしまうことから名付けられた足技です。	
294	msg	1	80	/WAZAHELP.MSG@3232	高速でくり出すこぶしの衝撃波が、相手にとどくと同時に地をも引きさくという技です。	
295	msg	1	80	/WAZAHELP.MSG@3316	東方の地で発したと思われる投げ技のひとつで広い範囲の敵を一度に投げとばす技です。	
296	msg	1	70	/WAZAHELP.MSG@3400	矢つぎばやにくり出されるこぶしが残像となって百にも見えるという技です。	
297	msg	1	72	/WAZAHELP.MSG@3472	空を切りさくこぶしは、たつまきをともなって相手に大ダメージをあたえます。	
298	msg	1	30	/WAZAHELP.MSG@3548	力まかせになぐりかかる技です。	
299	msg	1	52	/WAZAHELP.MSG@3580	相手に体当りをくらわし、はじきとばしてしまう技です。	
300	msg	1	42	/WAZAHELP.MSG@3636	とぎすまされた爪で相手を斬りつける技です。	
301	msg	1	34	/WAZAHELP.MSG@3680	鋭い牙で相手にいどみかかる技です。	
302	msg	1	58	/WAZAHELP.MSG@3716	非常に不思議で特殊な体術で、強力なダメージを与える技です。	
303	msg	1	52	/WAZAHELP.MSG@3776	あやしげな舞を踊り、敵を死のふちへと誘いこむ技です。	
304	msg	1	70	/WAZAHELP.MSG@3832	野性の者のみがもつ、ムキ出しの本性をこぶしで相手にたたきつける技です。	
305	msg	1	50	/WAZAHELP.MSG@3904	硬い木の実を、相手の不意をついて投げつける技です。	
306	msg	1	30	/WAZAHELP.MSG@3960	槍で相手を鋭く突き刺す技です。	
307	msg	1	46	/WAZAHELP.MSG@3992	槍のリーチを活かし、前方の敵を刺し貫く技です。	
308	msg	1	58	/WAZAHELP.MSG@4040	槍を振り回し、まわりにいる敵すべてに攻撃をしかける技です。	
309	msg	1	56	/WAZAHELP.MSG@4100	槍を振り回し、立ちふさがるすべての敵を斬りすてる技です。	
310	msg	1	68	/WAZAHELP.MSG@4160	大きく踏み込み、直線上のすべての敵を一気に串刺しにしてしまう技です。	
311	msg	1	72	/WAZAHELP.MSG@4232	上空から投げおろす槍が、あたかも流星のごとき光を発するといわれる技です。	
312	msg	1	56	/WAZAHELP.MSG@4308	槍を振り回し、風が爆裂したかのごとく敵をなぎ倒す技です。	
313	msg	1	36	/WAZAHELP.MSG@4380	相手をハンマーでなぐりつける技です。	
314	msg	1	54	/WAZAHELP.MSG@4420	ハンマーを振り回して、周囲の敵すべてを攻撃する技です。	
315	msg	1	64	/WAZAHELP.MSG@4476	全体重をハンマーにのせ、前方の敵を力まかせにたたきつぶす技です。	
316	msg	1	84	/WAZAHELP.MSG@4544	地面をハンマーで打ちつけることで地震を引き起こし、全ての敵にダメージを与える技です。	
317	msg	1	76	/WAZAHELP.MSG@4632	ハンマーで大地を打つことによって生じたエネルギー波を、一直線にとばす技です。	
318	msg	1	40	/WAZAHELP.MSG@4724	１体の敵にねらいを定めて矢を射る技です。	
319	msg	1	54	/WAZAHELP.MSG@4768	強く引きしぼった矢で、直線上の敵を次々と射ぬく技です。	
320	msg	1	50	/WAZAHELP.MSG@4824	前方にいならぶ敵に対し、次々と矢を射かける技です。	
321	msg	1	48	/WAZAHELP.MSG@4876	特に遠くにいる敵にねらいを定めて矢を放つ技です。	
322	msg	1	56	/WAZAHELP.MSG@4928	空を切り裂いて飛ぶ矢が、雷を巻き起こすといわれる技です。	
323	msg	1	36	/WAZAHELP.MSG@4988	周囲の敵に次々と矢を射かける技です。	
324	msg	1	52	/WAZAHELP.MSG@5028	一撃必殺をねらう矢を、相手の弱点にたたきこむ技です。	
325	msg	1	96	/WAZAHELP.MSG@5096	自らの姿を竜と化す技ですが、体力が半分以下の状態では使用できません。人の姿に戻ることもできます。	
326	msg	1	60	/WAZAHELP.MSG@5196	竜のつばさの一振りで、相手を後方に吹き飛ばしてしまう技です。	
327	msg	1	72	/WAZAHELP.MSG@5260	竜のおたけびをエネルギー波と化し、直線上の敵すべてにたたきつける技です。	
328	msg	1	50	/WAZAHELP.MSG@5336	竜の尻尾の一振りで、敵を次々となぐりつける技です。	
329	msg	1	72	/WAZAHELP.MSG@5388	つばさで竜巻を引き起こし、前方の敵をまとめてはじき飛ばしてしまう技です。	
330	msg	1	44	/WAZAHELP.MSG@5464	口から炎のブレスをはいて敵を攻撃する技です。	
331	msg	1	78	/WAZAHELP.MSG@5512	口から霊光すさまじいブレスをはき出し、前方に立ち並ぶ敵すべてに攻撃する技です。	
332	msg	1	66	/WAZAHELP.MSG@5592	運に見はなされたものは、そくざに死を迎える恐ろしいブレス攻撃です。	
333	msg	1	56	/WAZAHELP.MSG@5668	敵の攻撃から身を守り、受けるダメージを少なくする技です。	
334	msg	1	40	/WAZAHELP.MSG@5728	敵の攻撃にさらされた仲間をかばう技です。	
335	msg	1	46	/WAZAHELP.MSG@5772	敵の攻撃を受けた際に、反撃をこころみる技です。	
336	msg	1	46	/WAZAHELP.MSG@5820	敵の攻撃を受け流してさけることができる技です。	
337	msg	1	56	/WAZAHELP.MSG@5868	敵の攻撃のパワーを自分の体力として吸収してしまう技です。	
338	msg	1	50	/WAZAHELP.MSG@5928	神業とも思えるスピードで、敵の攻撃をよける技です。	
339	msg	1	54	/WAZAHELP.MSG@5980	自分が受けた攻撃をそのまま敵にはね返してしまう技です。	
340	msg	1	52	/WAZAHELP.MSG@6036	魔法による攻撃を無効化してしまうことが可能な技です。	
341	msg	1	30	/WAZAHELP.MSG@6100	相手からお金を盗みとる技です。	
342	msg	1	48	/WAZAHELP.MSG@6132	相手が使う技を目で盗み、仲間のものとする技です。	
343	msg	1	42	/WAZAHELP.MSG@6184	相手の持っているアイテムを盗みとる技です。	
344	msg	1	26	/WAZAHELP.MSG@6228	相手のＨＰをうばう技です。	
345	msg	1	26	/WAZAHELP.MSG@6256	相手のＭＰをうばう技です。	
346	msg	1	76	/WAZAHELP.MSG@6292	冥王が剣にこめた念で自らのまぼろしを作り出し、あたりの者をなぎはらう技です。	
347	msg	1	48	/WAZAHELP.MSG@6372	魔の力の剣で、立ち並ぶ者を一刀両断にする技です。	
348	msg	1	34	/WAZAHELP.MSG@6468	火の玉を相手に投げつける魔法です。	
349	msg	1	58	/WAZAHELP.MSG@6504	周りにいる全ての敵に炎をあびせてダメージを与える魔法です。	
350	msg	1	66	/WAZAHELP.MSG@6564	炎で周囲の空間を燃え上がらせ、全ての敵にダメージを与える魔法です。	
351	msg	1	52	/WAZAHELP.MSG@6632	電撃を放ち、前方に立ちはだかる敵を攻撃する魔法です。	
352	msg	1	66	/WAZAHELP.MSG@6688	プラズマの荒れくるう空間を敵上に作り出しダメージを与える魔法です。	
353	msg	1	46	/WAZAHELP.MSG@6756	冷気によって相手の体を凍らせてしまう魔法です。	
354	msg	1	46	/WAZAHELP.MSG@6804	氷のかたまりを無数に降らせて攻撃する魔法です。	
355	msg	1	60	/WAZAHELP.MSG@6852	吹雪を巻き起こし、全ての敵に冷気による攻撃を加える魔法です。	
356	msg	1	58	/WAZAHELP.MSG@6916	大地をはげしくゆらして全ての敵にダメージを与える魔法です。	
357	msg	1	68	/WAZAHELP.MSG@6976	隕石を雨のように降らせ、まわりの敵すべてにダメージを与える魔法です。	
358	msg	1	64	/WAZAHELP.MSG@7048	巨大な圧力で、立ちはだかる敵すべてを押しつぶしてしまう魔法です。	
359	msg	1	64	/WAZAHELP.MSG@7116	敵・味方を問わず、無作為に選んだ１体に死の宣告をくだす魔法です。	
360	msg	1	52	/WAZAHELP.MSG@7184	黒い風のブレードが次々と敵を切り裂いていく魔法です。	
361	msg	1	64	/WAZAHELP.MSG@7240	大地をはげしくゆらし、爆発的な力で敵にダメージを与える魔法です。	
362	msg	1	62	/WAZAHELP.MSG@7316	その力は神々さえ滅ぼせると言う、伝説の最強最悪の破壊呪文です。	
363	msg	1	72	/WAZAHELP.MSG@7380	前方の敵を、虹色に輝く死の光線でつつみこみ、大ダメージを与える魔法です。	
364	msg	1	64	/WAZAHELP.MSG@7456	敵１体に、迫り来る死の宣告を行い、確実に死へとみちびく魔法です。	
365	msg	1	72	/WAZAHELP.MSG@7524	抵抗しきれなかった相手のたましいを、一瞬にしてぬき取ってしまう魔法です。	
366	msg	1	86	/WAZAHELP.MSG@7600	この魔法が見せるふしぎな舞いに心うばわれた者は、すべて死地へ招かれるといわれています。	
367	msg	1	76	/WAZAHELP.MSG@7688	暗黒精霊が舞い踊り、その場につどう者に大きなダメージを与えるという魔法です。	
368	msg	1	66	/WAZAHELP.MSG@7768	その光跡が走りぬけるとき、空間はよじれ、爆裂を起すという魔法です。	
369	msg	1	68	/WAZAHELP.MSG@7836	死を与えるべき対象全てを、死のブレードでさしつらぬいていく魔法です。	
370	msg	1	84	/WAZAHELP.MSG@7932	仲間の身にかけられた呪いをとくと同時に、不死の怪物を浄化する力もあわせもつ魔法です。	
371	msg	1	52	/WAZAHELP.MSG@8020	聖なる光を投げかけ、直線上の敵を焼きつくす魔法です。	
372	msg	1	68	/WAZAHELP.MSG@8076	周囲を聖なる力でつつみこみ、不浄な者をすべて滅ぼしてしまう魔法です。	
373	msg	1	116	/WAZAHELP.MSG@8148	戦いの途中で倒れた大切な仲間を再び戦場に復帰させる魔法ですが、休息のない連続する戦いの中では１回しか使用できません。	
374	msg	1	38	/WAZAHELP.MSG@8272	味方ひとりの浅いケガをいやす魔法です。	
375	msg	1	44	/WAZAHELP.MSG@8312	味方ひとりのケガをほぼ完全にいやす魔法です。	
376	msg	1	58	/WAZAHELP.MSG@8360	近くにいる味方何人かのケガを、いやすことのできる魔法です。	
377	msg	1	62	/WAZAHELP.MSG@8420	近くにいる味方全員のケガを、かなりいやすことのできる魔法です。	
378	msg	1	60	/WAZAHELP.MSG@8484	周りにいる味方全員のケガを完全にいやすことのできる魔法です。	
379	msg	1	46	/WAZAHELP.MSG@8556	敵の精神を支配し、混乱におとしいれる魔法です。	
380	msg	1	54	/WAZAHELP.MSG@8604	敵の肉体を支配し、自分の思いどおりにあやつる魔法です。	
381	msg	1	62	/WAZAHELP.MSG@8660	敵の心をとりこにし、自分の思うままにあやつってしまう魔法です。	
382	msg	1	50	/WAZAHELP.MSG@8724	相手の精神にはたらきかけ、眠りをもたらす魔法です。	
383	msg	1	64	/WAZAHELP.MSG@8776	敵１体の精神を恐怖で満たし、戦闘不能状態におとしいれる魔法です。	
384	msg	1	66	/WAZAHELP.MSG@8844	複数の敵の精神を恐怖で満たし、戦闘不能状態におとしいれる魔法です。	
385	msg	1	52	/WAZAHELP.MSG@8912	周囲の敵すべてを混乱させ、同士討ちをねらう魔法です。	
386	msg	1	54	/WAZAHELP.MSG@8972	自らのすがたを消し去り、攻撃を受けにくくする魔法です。	
387	msg	1	70	/WAZAHELP.MSG@9028	宙に浮かび上がり、足元から受ける攻撃を受けつけなくするための魔法です。	
388	msg	1	64	/WAZAHELP.MSG@9100	一定時間、差し示した地点をもり上げてしまうことができる魔法です。	
389	msg	1	46	/WAZAHELP.MSG@9168	見えない敵のすがたを浮かび上がらせる魔法です。	
390	msg	1	58	/WAZAHELP.MSG@9228	敵の力を精神面から押さえこみ、弱体化させてしまう魔法です。	
391	msg	1	58	/WAZAHELP.MSG@9288	敵のスタミナをうばい、行動に制約をもたせてしまう魔法です。	
392	msg	1	48	/WAZAHELP.MSG@9348	味方１人の攻撃力を有効に引き出すための魔法です。	
393	msg	1	62	/WAZAHELP.MSG@9400	味方１人に対して、機敏に行動できるようはたらきかける魔法です。	
394	msg	1	58	/WAZAHELP.MSG@9476	魔法によるダメージのほとんどをふせぎきってしまう魔法です。	
395	msg	1	52	/WAZAHELP.MSG@9536	打撃によるダメージをやわらげることのできる魔法です。	
396	msg	1	76	/WAZAHELP.MSG@9592	大地にはたらきかけ、一定のエリアを回復効果のある地形に変えてしまう魔法です。	
397	msg	1	66	/WAZAHELP.MSG@9672	一時的にその者がいる空間を封印し、いっさいの行動をうばう魔法です。	
398	msg	1	121	/YD00.ADV@44	各所におかれたスイッチで、地面を上下させて進むしかけのようです。\nどのスイッチがどんなはたらきをするかを見きわめましょう。	
399	msg	1	82	/YG00.ADV@44	もう後もどりはできません。装備を確認するなどして、来たるべき戦いにそなえましょう。	
400	msg	1	67	/YR00.ADV@44	もう引き返すことはできません。\nひたすら、まっすぐ進めばよいのです。	
401	msg	1	83	/YW00.ADV@44	深い深い森のようです。\nまるであなた方をさそうかのように、南に道がつづいていますね。	
402	msg	1	63	/YW20.ADV@44	まどわされないで。\n道はひとつ、まわりをよく見回してご覧なさい。	
