공	8997	於
격	8A47	絵
력	8ACF	観
방	8BB2	挟
어	8BE9	矩
행	8FCD	章
동	92E2	停
속	938B	搭
도	93B7	胴
운	89A6	襖
등	8ABF	漢
반	8ADC	含
레	8B93	挙
벨	8B9A	禦
필	8BB6	狂
살	8C9F	検
률	917B	捜
명	9270	恥
중	93C6	独
지	9643	砲
혜	977E	欲
항	97DD	累
마	97F1	列
장	8AE1	眼
비	8AE6	頑
를	8B5B	擬
바	8B76	久
꾸	8B9B	魚
면	8DED	削
이	8E41	拶
끝	8EB2	軸
납	8EBD	漆
니	8FEB	壌
다	9379	土
괜	939A	答
찮	9472	排
습	94DB	否
까	9683	麻
아	97A2	里
템	97D1	林
가	8A58	街
득	8A67	拡
찼	8AEE	基
버	8BD6	禁
릴	8E40	察
요	8E6A	史
회	8EAF	識
복	8F6A	祝
사	8F75	瞬
정	91E6	第
술	9283	茶
단	9344	泥
전	9357	展
원	9644	縫
직	9669	吠
자	9688	毎
선	97BF	料
호	97E9	鈴
기	8A70	角
캐	8B55	偽
릭	8EBF	質
터	8F56	酬
낮	8FB3	承
할	8FDB	象
수	8FE4	丈
없	907D	図
검	90BE	誓
인	91D7	泰
체	924F	丹
창	936B	徒
망	937D	党
치	93C7	読
궁	945B	納
용	94BC	半
둑	95A0	腹
법	96B6	霧
신	96C8	綿
성	9746	友
스	979A	履
테	97A3	離
특	97E2	冷
킬	89B9	音
약	8A87	括
점	8AA5	冠
투	8AF1	寄
란	8B50	輝
조	8B96	許
대	8B97	距
소	8BE2	銀
승	8BE3	九
저	8CDC	五
상	8DB7	差
피	8ECC	捨
율	8F7A	循
함	90BB	製
에	90BF	請
금	91A6	即
암	91AA	測
흑	91E4	台
음	9264	壇
활	92CB	塚
타	92D7	潰
물	92EF	抵
설	9350	撤
초	9353	鉄
으	9364	電
로	9368	塗
작	939E	到
애	93CD	届
메	93F7	肉
시	945A	濃
오	9471	拝
디	9477	背
트	947B	倍
그	9656	坊
리	9687	枚
드	968B	幕
표	96D8	木
컨	985A	六
롤	8B71	客
색	8B83	泣
세	8B85	球
브	8B8F	居
옵	8C51	群
션	8C76	計
무	8D5C	構
효	8DB8	査
결	8DC8	妻
취	8DD6	斎
택	8DD9	裁
위	8ED4	車
환	8F4B	習
옆	8FA6	嘗
평	8FD8	証
능	8FE7	冗
느	907B	須
림	9289	忠
보	928A	抽
통	936E	渡
빠	93C5	毒
름	95C7	壁
최	9744	優
모	9755	誘
노	975D	余
변	9768	揺
경	89DD	貨
개	89EE	介
목	8A69	格
록	8A7C	掛
담	8AC8	簡
적	8AD1	貫
나	8B81	求
났	8C58	傾
을	8DCA	彩
깨	8E4F	三
달	8E7C	旨
았	8EE5	主
종	8F6B	縮
료	8FCC	称
군	8FD0	紹
튼	8FD5	衝
높	8FDA	詳
못	9054	慎
걸	9265	弾
퇴	92A3	張
각	92EA	底
부	93EF	難
족	95BF	柄
하	965D	望
천	968F	柾
막	9694	又
혀	96D4	網
쓴	96E7	也
휴	976E	溶
식	9774	葉
엔	9778	踊
여	97BC	両
싸	97D6	輪
너	97F3	烈
턴	9854	狼
확	9872	腕
화	8966	映
서	899B	央
엘	89A3	殴
제	89C2	可
헥	89E5	牙
토	8ABE	汗
프	8ACC	肝
루	8AF2	岐
케	8B72	脚
쿠	8B7A	吸
야	8B92	拠
샤	8BF4	偶
코	8DAA	根
르	8E85	糸
쉬	8F63	縦
간	90DC	折
본	91A7	息
카	9250	単
옛	9266	断
한	928C	柱
글	92A7	挑
뒤	95B6	文
퀸	96C2	鳴
즈	96F4	躍
랜	9756	遊
왕	9856	老
국	985B	麓
의	88B5	扱
입	8AF3	希
남	8BBF	響
라	8BC9	極
푸	8E86	紙
접	8E87	紫
받	8EAE	式
고	8F45	拾
만	8FF2	浄
은	9055	振
훌	905C	申
륭	91A2	造
구	91E0	隊
랐	925B	端
걱	9276	致
크	937A	奴
파	93A5	踏
볼	93AA	頭
겐	94F6	尾
유	957C	怖
네	96C5	滅
놈	96D2	猛
들	97CA	量
냐	97F0	歴
감	8963	営
히	8969	永
몸	897A	越
게	8A72	較
는	8AC7	管
러	8B95	虚
분	8BA6	協
찾	8BCF	均
헤	8C79	軽
매	8C7D	迎
던	8C99	嫌
눈	8D64	硬
앞	8DAC	混
있	8DC0	座
두	8DD7	細
려	8E9A	字
워	8FE1	障
말	9245	脱
맞	9254	探
웁	92C3	津
베	95C0	並
거	9653	亡
누	969C	万
더	96AF	民
머	96E5	門
므	978A	頼
미	88D7	為
우	88F6	因
주	894A	雨
차	89CC	歌
처	8B53	鬼
추	8D5A	校
츠	8FB8	昇
커	8FC4	焼
키	90DF	節
티	917A	想
퍼	91DD	貸
포	9253	担
허	929A	丁
후	92C6	槌
흐	9361	殿
내	94BA	伴
데	94DF	悲
래	9754	裕
배	9792	嵐
새	97B5	侶
재	97CC	領
채	97D7	隣
태	97DF	令
패	889F	亜
페	88F5	員
해	8A51	害
예	8A6F	覚
와	8AAA	巻
외	8AAE	完
따	8AE7	顔
짜	8AEB	危
꼬	8B60	義
또	8B89	級
뽀	8BC6	業
쏘	8C9A	建
쪼	8EF1	首
민	8F83	純
진	9077	陣
준	9196	走
현	91CF	耐
영	926B	談
일	9288	宙
윤	92B8	頂
연	93B4	洞
철	93BF	徳
석	9496	薄
훈	9557	標
혁	955D	評
빈	9560	描
근	9650	鳳
순	9684	埋
숙	9769	擁
린	97CE	緑
별	89C6	家
솔	8A95	兜
김	8AC2	環
박	8BA4	共
강	8BC7	局
임	8BF6	遇
권	8D54	控
황	8D96	獄
안	8DDB	際
송	8E44	札
홍	8E47	雑
